gross_profit,category,volume,volume_range,package,flavor,price,StorePerOrder,AmountPerOrder,Sale_Store,initial_days,
15.05914871,Biscuit,115g,100-299g/ml,Bag,Original,3.5,7.2631,1.893008518,198,2841,
0,Cookies,44g,0-149g/ml,Bag,Chocolate,4.9,0,0,0,1220,
4.763543636,Pastry,60g,0-149g/ml,Box,Vanilla,5,10.5572,2.259686216,80,2312,
103.9663491,Pastry,84g,0-149g/ml,Bag,Original,5.5,1.9736,0.297470925,215,2841,
41.00680441,Biscuit,168g,150-199g/ml,Bag,Original,6.5,5.4526,0.824875295,172,2841,
9.234831354,Biscuit,60g,0-149g/ml,Box,Strawberry,6.9,15.9553,2.58698908,32,420,
48.64876302,Pastry,40g,0-149g/ml,Bag,Chocolate,6.9,8.8013,1.196606989,31,198,
40.12711176,Biscuit,95g,0-149g/ml,Bag,Vanilla,6.9,3.1826,0.398340889,231,1379,
25.66895611,Biscuit,25g,0-99g/ml,Can,Strawberry,3,3.5161,0.942301917,57,800,
47.30015684,Biscuit,100g,0-149g/ml,Bag,Cheese,3.5,2.3718,0.599040119,230,2841,
6.9682565,Pastry,68g,0-149g/ml,Box,Chocolate,3.5,10.4357,2.307692308,4,2841,
8.811750002,Biscuit,45g,0-99g/ml,Can,Strawberry,4,11.7971,2.587060617,124,2841,
10.32782596,Biscuit,120g,0-149g/ml,Bag,Milk,4.5,8.2915,1.729411571,158,2841,
36.57077955,Wafer,135g,0-149g/ml,Box,Cheese,6.5,10.5845,1.620294314,164,1507,
7.649547581,Biscuit,116g,100-299g/ml,Bag,Milk,6.5,11.1819,1.837309619,82,266,
32.02287179,Pastry,68g,0-149g/ml,Bag,Coconut,6.8,12.2193,1.75896702,104,147,
7.456207049,Biscuit,60g,0-149g/ml,Box,Cheese,6.9,17.8881,2.83527356,32,420,
250.1274452,Biscuit,48g,0-99g/ml,Box,Chocolate,7.8,1.5432,0.179122974,231,2841,
32.26576484,Biscuit,48g,0-99g/ml,Box,Milk,8.5,8.8029,1.043513352,134,2389,
21.10401324,Biscuit,250g,100-299g/ml,Bag,Original,8.9,13.1552,1.594530379,104,611,
36.63125718,Pastry,184g,150-299g/ml,Box,Strawberry,9,9.5684,1.059201871,117,2841,
-40.245898,Biscuit,120g,100-299g/ml,Box,Chocolate,9.9,178.5714,6.428571429,1,644,
-4.997450222,Pastry,128g,0-149g/ml,Box,Original,11.8,178.5714,50.84745763,1,626,
-6.990348489,Wafer,153g,150-199g/ml,Bag,Chocolate,11.9,8.8194,0.876787437,188,288,
-1.133074737,Biscuit,157g,100-299g/ml,Bag,Mixed,12,40,3.362866834,22,1379,
28.67347312,Wafer,160g,150-199g/ml,Box,Chocolate,12.8,19.1106,1.534049242,74,490,
57.63520556,Pastry,270g,150-299g/ml,Bag,Original,12.9,5.4376,0.507765261,224,267,
25.06149002,Cookies,208g,200g/ml+,Bag,Chocolate,13.5,15.3343,1.17092507,107,1589,
23.45328271,Wafer,132g,0-149g/ml,Box,Milk,13.7,10.4619,0.770609693,39,203,
85.0128184,Biscuit,138g,100-299g/ml,Can,Milk,13.8,8.132,0.594015731,193,261,
3.563211436,Pastry,338g,300g/ml+,Bag,Cheese,14.9,5.977,0.572550085,225,183,
-24.958984,Pastry,375g,300g/ml+,Bag,Original,15,178.5714,10,1,1500,
0,Pastry,368g,300g/ml+,Bag,Original,15.9,0,0,0,762,
2.875704259,Wafer,345g,200g/ml+,Bag,Original,15.9,107.9137,5.438066465,6,2059,
17.11788261,Pastry,400g,300g/ml+,Bag,Original,16.9,23.1408,1.5518466,176,1274,
-47.54460232,Biscuit,225g,100-299g/ml,Bag,Original,16.9,46.7508,5.102908658,20,555,
31.04375569,Pastry,156g,150-299g/ml,Box,Coconut,17.5,14.3893,0.837152516,214,2841,
-45.59330856,Biscuit,285g,200g/ml+,Bag,Vanilla,17.5,178.5714,25,1,1379,
-8.229641458,Biscuit,438g,300g/ml+,Bag,Coconut,17.8,24.2014,1.901253639,80,420,
85.99841516,Biscuit,126g,100-299g/ml,Box,Matcha,20.5,6.4017,0.350056401,34,295,
24.26165344,Cookies,320g,200g/ml+,Box,Matcha,20.8,11.3382,0.598096255,217,162,
-21.07451394,Pastry,420g,300g/ml+,Bag,Chocolate,21.5,27.1543,1.677863179,132,1008,
4.081383547,Biscuit,388g,200g/ml+,Bag,Matcha,21.8,12.72,0.682445602,212,1379,
0,Pastry,107g,0-149g/ml,Bag,Chocolate,22.7,0,0,0,533,
39.07727472,Biscuit,800g,300g/ml+,Box,Original,22.9,8.0867,0.364774812,201,2841,
10.32850077,Biscuit,300g,300g/ml+,Bag,Chocolate,24.9,40.4115,2.026985524,22,1771,
-10.39383389,Wafer,100g,0-149g/ml,Box,Cheese,25.9,57.5954,2.663756266,8,487,
-27.19785361,Biscuit,104g,100-299g/ml,Box,Original,26.7,180.1802,27.48091603,2,533,
-18.57496546,Biscuit,388g,200g/ml+,Box,Original,33.8,16.3565,0.409573058,209,1170,
-884.0509177,Biscuit,550g,300g/ml+,Bag,Original,45.5,57.2831,0.41930256,7,2250,
-143.8535272,Cookies,708g,200g/ml+,Box,Original,105,178.5714,11.25,1,890,
49.19747258,Biscuit,95g,0-149g/ml,Bag,Strawberry,6.9,2.8462,0.349144808,227,1379,
72.6092223,Pastry,242g,150-299g/ml,Bag,Original,6.9,3.4373,0.478445026,226,252,
0,Biscuit,102g,100-299g/ml,Box,Original,9.8,0,0,0,616,
-68.45227457,Pastry,30g,0-99g/ml,Bag,Strawberry,9.9,140,7.768187423,7,757,
-50.133398,Biscuit,156g,150-199g/ml,Box,Cheese,9.9,178.5714,6.428571429,1,644,
55.09365363,Pastry,240g,150-299g/ml,Bag,Strawberry,10.5,4.977,0.494704904,66,2841,
9.167608122,Cookies,90g,0-149g/ml,Bag,Original,10.5,29.9219,2.700004219,64,730,
-4.910950577,Pastry,240g,150-299g/ml,Bag,Milk,11.5,56.5075,5.297645683,124,1274,
19.69093726,Biscuit,290g,100-299g/ml,Bag,Milk,12.9,19.3548,1.692543812,150,785,
0,Pastry,100g,0-149g/ml,Box,Vanilla,12.9,0,0,0,2841,
-12.36781521,Wafer,160g,150-199g/ml,Box,Cheese,12.9,32.4807,3.388261869,24,487,
-33.52042439,Pastry,256g,150-299g/ml,Bag,Milk,14.9,180.1802,5.69259962,4,559,
4.338762435,Pastry,224g,150-299g/ml,Bag,Chocolate,15.8,18.3742,1.479628968,108,420,
56.87045261,Biscuit,203g,200g/ml+,Bag,Original,16.8,4.8261,0.30887162,219,469,
-34.501836,Cookies,110g,0-149g/ml,Box,Cheese,18,47.9904,4.062059238,8,611,
-65.128385,Pastry,135g,0-149g/ml,Bag,Original,19.5,178.5714,6.428571429,1,930,
-26.10148568,Biscuit,140g,100-299g/ml,Box,Milk,19.8,10.5711,0.679602542,218,469,
115.598431,Wafer,110g,0-149g/ml,Bag,Chocolate,19.9,7.9946,0.414064984,33,1924,
-151.0493504,Wafer,272g,200g/ml+,Box,Chocolate,21.9,14.8967,1.060914819,96,2841,
38.95233081,Biscuit,1000g,200g/ml+,Box,Milk,24.9,11.0485,0.460247804,185,2841,
-39.970576,Pastry,123g,0-149g/ml,Bag,Cheese,26.9,178.5714,8.035714286,1,633,
-11.005,Wafer,416g,200g/ml+,Box,Milk,26.9,178.5714,33.45724907,1,661,
12.21682667,Wafer,405g,200g/ml+,Can,Cheese,28,179.6407,9.764918626,3,1507,
23.37589093,Wafer,300g,200g/ml+,Box,Matcha,27.9,52.9474,2.339302888,15,1379,
-21.13794163,Wafer,350g,200g/ml+,Can,Cheese,29.8,53.9957,3.700810066,15,441,
8.374416012,Pastry,680g,300g/ml+,Box,Chocolate,29.9,19.174,0.690832801,196,2841,
-20.16344982,Wafer,480g,200g/ml+,Box,Chocolate,31.5,9.6064,0.340533003,221,2841,
0,Biscuit,918g,300g/ml+,Bag,Mixed,48,0,0,0,374,
-227.420315,Pastry,400g,300g/ml+,Can,Vanilla,49,90.0901,1.201602136,1,790,
0,Cookies,400g,200g/ml+,Box,Original,49,0,0,0,435,
27.90354143,Cookies,500g,200g/ml+,Can,Original,58,74.1525,1.338474776,7,1165,
28.40642311,Wafer,31g,0-149g/ml,Bag,Chocolate,4.5,6.7642,1.234002482,203,132,
31.70019804,Wafer,31g,0-149g/ml,Bag,Chocolate,4.5,5.9611,1.101808719,199,132,
0.298131547,Biscuit,48g,0-99g/ml,Box,Strawberry,4.8,80.6952,15.53681694,13,1000,
31.09026343,Biscuit,47g,0-99g/ml,Box,Vanilla,5.5,4.0264,0.654156497,210,2038,
4.515268756,Biscuit,97g,0-149g/ml,Bag,Matcha,6.5,43.8982,6.325332958,10,346,
161.1100044,Biscuit,97g,0-149g/ml,Bag,Matcha,6.9,1.684,0.225207686,229,1379,
54.71999156,Biscuit,55g,0-149g/ml,Box,Milk,7.5,4.7068,0.632698977,227,469,
-15.269478,Biscuit,100g,100-299g/ml,Bag,Milk,8,180.1802,37.5,2,979,
-30.02163884,Biscuit,180g,150-199g/ml,Bag,Cheese,7.9,34.9585,7.026257106,94,441,
-96.98253756,Biscuit,150g,100-299g/ml,Bag,Original,8.9,119.7605,6.282722513,2,1044,
-4.109530191,Biscuit,168g,150-199g/ml,Box,Original,9.9,18.9278,2.482526616,102,549,
-54.186464,Pastry,200g,150-299g/ml,Box,Matcha,9.9,107.9137,8.185538881,3,651,
5.058670783,Pastry,100g,100-299g/ml,Bag,Milk,9.9,25.7156,2.395918189,23,555,
-74.01517089,Biscuit,100g,100-299g/ml,Bag,Original,9.9,179.6407,6.451612903,3,632,
0,Cookies,100g,0-149g/ml,Box,Strawberry,9.9,0,0,0,1430,
-17.17763,Wafer,120g,0-149g/ml,Box,Cheese,9.9,178.5714,18,1,644,
-28.647656,Biscuit,156g,150-199g/ml,Box,Cheese,9.9,178.5714,11.25,1,644,
70.65947542,Cookies,90g,0-149g/ml,Box,Chocolate,11.5,7.8199,0.67303386,220,2719,
63.43595756,Biscuit,100g,100-299g/ml,Box,Matcha,11.8,11.8427,1.056424824,10,198,
15.1541841,Pastry,310g,300g/ml+,Bag,Milk,11.9,10.9091,1.260360177,220,976,
5.091160174,Wafer,160g,150-199g/ml,Box,Chocolate,12.8,31.0494,2.868822447,74,490,
5.41917114,Wafer,160g,150-199g/ml,Box,Cheese,12.8,33.8963,2.982209577,58,490,
23.18755937,Wafer,180g,150-199g/ml,Can,Cheese,12.9,26.887,2.371117032,95,253,
-52.22708729,Wafer,123g,0-149g/ml,Box,Chocolate,12.9,14.2885,1.300128475,82,476,
55.23192237,Biscuit,120g,100-299g/ml,Box,Milk,12.9,7.1129,0.555776424,183,778,
-23.39288924,Wafer,234g,200g/ml+,Box,Cheese,12.8,38.5728,4.665198569,24,1268,
0,Biscuit,230g,200g/ml+,Bag,Mixed,13.5,0,0,0,2841,
81.29605319,Pastry,100g,100-299g/ml,Can,Milk,13.8,10.2298,0.772160598,47,198,
18.55828895,Wafer,110g,0-149g/ml,Bag,Cheese,13.8,34.1038,2.872111268,18,702,
-75.70986085,Biscuit,120g,100-299g/ml,Box,Chocolate,13.9,18.981,2.15214684,89,688,
-21.78365236,Cookies,255g,200g/ml+,Bag,Chocolate,14.5,12.3468,1.108052598,216,2841,
91.14061741,Biscuit,180g,150-199g/ml,Box,Cheese,14.8,9.9968,0.696545454,177,2232,
125.674084,Pastry,75g,0-149g/ml,Box,Mixed,14.9,6.5602,0.46132064,105,792,
-64.74785,Pastry,45g,0-99g/ml,Bag,Chocolate,14.9,154.2416,4.597701149,6,757,
-19.304442,Cookies,255g,200g/ml+,Box,Original,14.9,178.5714,45,1,2514,
15.37574027,Wafer,150g,150-199g/ml,Can,Strawberry,15.8,28.0798,2.151658253,117,1343,
0,Cookies,96g,0-149g/ml,Box,Mixed,15.9,0,0,0,972,
-112.625064,Wafer,150g,150-199g/ml,Bag,Chocolate,15.9,178.5714,2.34375,1,2654,
37.02696125,Biscuit,160g,100-299g/ml,Box,Strawberry,15.9,5.9236,0.394820813,186,1416,
-18.19466458,Pastry,128g,0-149g/ml,Bag,Original,18.9,22.7901,2.015836344,108,1169,
-41.27312186,Pastry,400g,300g/ml+,Box,Original,18.9,129.7614,7.980092672,31,289,
-15.01308333,Pastry,400g,300g/ml+,Box,Matcha,18.9,180.1802,13.51182284,6,264,
-190.0304333,Biscuit,200g,200g/ml+,Box,Vanilla,18.9,90.0901,2.835985505,3,617,
163.468847,Pastry,408g,300g/ml+,Box,Chocolate,19.5,1.3488,0.07531321,229,2841,
-18.14721814,Cookies,160g,150-199g/ml,Bag,Matcha,19.9,13.9369,0.889639075,71,469,
43.73414523,Pastry,220g,150-299g/ml,Box,Original,19.9,13.623,0.700944686,155,2841,
-36.54967585,Pastry,456g,300g/ml+,Bag,Original,19.9,32.4875,2.573039851,37,469,
-149.0112612,Pastry,96g,0-149g/ml,Bag,Chocolate,19.9,45.8115,2.868885119,14,554,
59.39622476,Cookies,340g,200g/ml+,Box,Chocolate,20.8,5.0186,0.254787518,225,162,
16.29249625,Biscuit,216g,200g/ml+,Bag,Original,20.9,28.494,1.482232967,41,532,
-38.88907491,Wafer,648g,200g/ml+,Box,Cheese,28.8,73.3333,5.436274779,11,1507,
-24.42804157,Wafer,350g,200g/ml+,Can,Chocolate,29.8,60,4.196456326,6,441,
28.2202356,Wafer,350g,200g/ml+,Box,Chocolate,29.9,28.6316,1.084888246,136,1410,
37.82719513,Wafer,480g,200g/ml+,Box,Chocolate,31.5,6.5921,0.224300903,226,2841,
0,Pastry,650g,200g/ml+,Bag,Mixed,32,0,0,0,2841,
65.92226464,Wafer,250g,200g/ml+,Bag,Chocolate,39.9,12.4298,0.336330318,27,532,
11.76231522,Biscuit,792g,300g/ml+,Box,Original,44.5,69.8886,1.037710554,106,1528,
-277.157549,Pastry,980g,300g/ml+,Box,Milk,68,180.1802,3.214285714,2,444,
42.37990509,Cookies,908g,200g/ml+,Box,Original,135,58.092,0.460938359,71,2841,
61.25482977,Biscuit,115g,100-299g/ml,Bag,Original,3.5,2.9063,0.666913439,228,2841,
10.7268544,Biscuit,47g,0-99g/ml,Box,Chocolate,5.5,6.5625,1.054851441,210,2038,
40.17843632,Biscuit,80g,0-99g/ml,Bag,Strawberry,5.5,5.6552,1.011710272,158,2841,
5.307954217,Biscuit,116g,100-299g/ml,Bag,Coconut,6.5,11.3011,1.910506578,83,266,
54.12984331,Biscuit,168g,150-199g/ml,Bag,Original,6.5,4.3495,0.645708604,224,2841,
40.86270586,Wafer,145g,0-149g/ml,Box,Milk,6.9,6.5621,0.996810811,151,1238,
21.38611078,Biscuit,25g,0-99g/ml,Can,Milk,3,4.2097,1.111450876,62,800,
0.826852,Pastry,100g,0-149g/ml,Bag,Cheese,3.9,178.5714,46.15384615,1,1178,
0,Biscuit,115g,100-299g/ml,Bag,Original,6,0,0,0,2841,
47.23973392,Biscuit,168g,150-199g/ml,Bag,Original,6.5,4.7212,0.708149798,223,2841,
1.710088889,Biscuit,48g,0-99g/ml,Box,Strawberry,6.8,83.5476,12.15710723,13,1000,
215.0916964,Biscuit,116g,0-149g/ml,Bag,Original,6.9,1.2762,0.156053299,230,1379,
50.92219184,Biscuit,100g,100-299g/ml,Box,Cheese,6.9,8.0748,1.178229494,24,198,
-55.30456099,Wafer,80g,0-149g/ml,Box,Strawberry,6.9,25.9259,5.152531283,35,486,
156.2249297,Biscuit,116g,0-149g/ml,Bag,Chocolate,6.9,1.5029,0.184925644,228,1379,
3.288505,Biscuit,60g,0-99g/ml,Box,Chocolate,7.2,178.5714,25,1,2841,
75.92851037,Biscuit,55g,0-149g/ml,Box,Chocolate,7.5,4.0624,0.532844098,230,469,
159.9761313,Biscuit,48g,0-99g/ml,Box,Milk,7.8,2.368,0.279772967,229,2841,
93.18768948,Biscuit,48g,0-99g/ml,Box,Chocolate,7.8,3.6948,0.455177384,230,2841,
16.59847479,Biscuit,40g,0-99g/ml,Can,Chocolate,8,22.598,3.189989154,29,617,
-58.49232149,Wafer,50g,0-149g/ml,Box,Chocolate,8,63.0063,5.16721688,14,486,
-5.53366,Pastry,160g,100-299g/ml,Box,Original,8.5,178.5714,180,1,2841,
69.22912959,Biscuit,48g,0-99g/ml,Box,Matcha,8.5,5.2515,0.61001355,87,2841,
-4.801752727,Biscuit,60g,0-99g/ml,Box,Chocolate,8.5,27.6921,3.950684878,44,1149,
38.30520518,Biscuit,250g,100-299g/ml,Bag,Original,8.9,11.1796,1.254712494,119,611,
42.9873712,Biscuit,105g,100-299g/ml,Box,Coconut,11.5,4.9866,0.440821071,196,2246,
80.778395,Pastry,168g,150-299g/ml,Bag,Cheese,12,6.3165,0.521112375,153,2661,
62.53859219,Biscuit,376g,200g/ml+,Bag,Strawberry,12.8,11.4043,0.934220235,37,168,
1.436955978,Wafer,160g,150-199g/ml,Box,Milk,12.8,31.7644,2.697726981,66,490,
151.2206496,Pastry,168g,150-299g/ml,Box,Matcha,12.9,5.1456,0.440823987,217,1008,
0,Biscuit,96g,0-99g/ml,Can,Cheese,12.9,0,0,0,960,
0,Biscuit,96g,0-99g/ml,Can,Strawberry,12.9,0,0,0,960,
-34.68936133,Wafer,123g,0-149g/ml,Box,Strawberry,12.9,14.1416,1.280383701,81,476,
20.57693839,Biscuit,310g,300g/ml+,Bag,Original,12.9,17.8954,1.56496218,137,785,
104.7153002,Biscuit,142g,100-299g/ml,Can,Original,13.8,8.5493,0.620608723,55,150,
-58.94718276,Biscuit,144g,100-299g/ml,Bag,Chocolate,13.9,2.6792,0.224857213,229,2477,
-23.86730201,Cookies,240g,200g/ml+,Box,Chocolate,14.5,14.8883,1.284194419,211,2841,
391.614404,Pastry,300g,300g/ml+,Box,Original,15.9,2.5366,0.084647488,25,2841,
-48.224386,Biscuit,135g,0-149g/ml,Bag,Original,15.9,180.1802,4.556962025,2,555,
0,Biscuit,280g,200g/ml+,Bag,Original,16,0,0,0,542,
21.68192137,Pastry,100g,0-149g/ml,Box,Matcha,16.8,18.0682,1.27721194,212,197,
0,Pastry,68g,0-149g/ml,Bag,Original,16.9,0,0,0,675,
34.23717376,Pastry,300g,300g/ml+,Bag,Original,16.9,14.7459,0.959838609,208,1274,
-47.40250131,Pastry,200g,150-299g/ml,Bag,Original,19.9,45.0082,5.644241733,11,917,
-37.81215722,Biscuit,60g,0-99g/ml,Box,Milk,7.2,90.0901,19.78021978,1,2841,
69.80572313,Biscuit,50g,0-99g/ml,Box,Chocolate,7.2,4.7707,0.6457848,226,2841,
26.39373379,Biscuit,150g,100-299g/ml,Bag,Milk,8.9,8.9085,1.036240891,112,2841,
-6.178323075,Cookies,90g,0-149g/ml,Bag,Chocolate,10.5,31.0638,3.372601641,73,730,
-1.357141255,Pastry,240g,150-299g/ml,Bag,Matcha,10.5,23.8462,2.625793601,124,511,
28.90095262,Pastry,168g,150-299g/ml,Box,Chocolate,10.9,3.7995,0.342452331,224,2841,
7.502666249,Biscuit,190g,150-199g/ml,Box,Vanilla,11.5,5.6547,0.535505996,208,622,
39.25626739,Pastry,146g,0-149g/ml,Box,Coconut,11.5,5.7902,0.524395268,172,2246,
-24.28521586,Pastry,168g,150-299g/ml,Box,Chocolate,11.6,38.4265,5.084632368,38,490,
47.41877395,Cookies,170g,150-199g/ml,Box,Chocolate,11.9,6.4456,0.562138247,27,162,
56.59439126,Cookies,144g,0-149g/ml,Box,Chocolate,11.9,5.3525,0.462877408,27,162,
17.46978132,Wafer,192g,150-199g/ml,Bag,Strawberry,11.9,5.5074,0.504463476,224,288,
-207.659325,Biscuit,125g,0-149g/ml,Bag,Cheese,11.9,59.8802,1.666666667,1,2841,
344.5041062,Wafer,290g,200g/ml+,Box,Cheese,12.9,2.2004,0.164541132,82,1504,
44.23714286,Biscuit,368g,200g/ml+,Bag,Cheese,12.8,17.7963,1.405211774,35,168,
-8.766335481,Biscuit,70g,0-99g/ml,Can,Cheese,12.9,36.4078,4.441641762,18,979,
32.03931084,Pastry,360g,300g/ml+,Bag,Milk,12.9,5.421,0.435391778,225,2841,
40.80960463,Biscuit,360g,300g/ml+,Bag,Milk,12.9,12.5303,1.030584925,63,785,
-3.925581008,Pastry,240g,150-299g/ml,Bag,Matcha,13.5,18.6534,1.485390241,157,266,
-43.02672092,Biscuit,300g,200g/ml+,Bag,Strawberry,13.9,55.6283,7.946813484,17,1683,
22.54010438,Cookies,120g,0-149g/ml,Bag,Milk,13.9,10.6974,0.788144546,173,1597,
-7.08315104,Pastry,160g,150-299g/ml,Box,Original,13.9,51.9577,5.098815345,28,2841,
0,Pastry,140g,0-149g/ml,Box,Matcha,13.9,0,0,0,1030,
0,Pastry,336g,300g/ml+,Bag,Milk,14,0,0,0,1500,
-38.39873885,Pastry,388g,300g/ml+,Bag,Original,14.9,168.0672,8.410653494,14,462,
-3.962330025,Biscuit,380g,300g/ml+,Box,Chocolate,14.9,54.0054,4.101681183,18,2841,
32.10777969,Biscuit,380g,300g/ml+,Box,Milk,14.9,7.6705,0.53775331,165,2841,
-10.89733487,Pastry,238g,150-299g/ml,Bag,Original,15.8,25.9259,2.272958545,70,890,
31.1887388,Biscuit,160g,100-299g/ml,Box,Chocolate,15.9,9.4849,0.620644178,179,1416,
19.07795468,Biscuit,349g,200g/ml+,Bag,Chocolate,16.8,6.3519,0.389725195,222,1379,
89.41854985,Cookies,126g,0-149g/ml,Bag,Vanilla,16.9,8.9167,0.545821063,214,1665,
16.12686478,Biscuit,140g,100-299g/ml,Box,Strawberry,19.8,10.8819,0.660491837,218,469,
-17.999944,Cookies,160g,150-199g/ml,Box,Milk,19.8,178.5714,22.5,1,474,
142.601881,Biscuit,150g,100-299g/ml,Box,Original,22,4.1789,0.178211908,163,428,
26.66151635,Biscuit,680g,200g/ml+,Box,Strawberry,23.9,7.1751,0.341825899,219,2646,
6.644118428,Cookies,350g,200g/ml+,Bag,Original,24,42.4123,2.322069096,41,2492,
52.73611797,Pastry,480g,300g/ml+,Bag,Milk,26,10.3137,0.571500045,221,1737,
0,Biscuit,150g,100-299g/ml,Bag,Original,26.9,0,0,0,633,
-80.33959167,Biscuit,436g,200g/ml+,Box,Original,27.9,128.5347,5.858230814,5,444,
-25.03074193,Cookies,500g,200g/ml+,Bag,Original,32.8,13.8458,0.583479517,25,2603,
-186.0408727,Pastry,880g,300g/ml+,Box,Mixed,67.9,36.0011,1.401289905,13,1848,
-25.54820406,Biscuit,126g,100-299g/ml,Box,Strawberry,20.5,7.6596,0.482373277,34,295,
120.2085857,Biscuit,466g,200g/ml+,Bag,Original,21.8,2.5965,0.124010276,229,1379,
-133.199295,Pastry,210g,150-299g/ml,Box,Coconut,22.9,178.5714,2,1,487,
-26.281128,Cookies,400g,200g/ml+,Can,Coconut,26,178.5714,7.692307692,1,790,
14.65756385,Pastry,1200g,300g/ml+,Box,Chocolate,54,73.2419,1.131381953,118,1528,
-60.34000547,Cookies,908g,200g/ml+,Can,Original,99,76.4575,1.318210529,48,2841,
15.60222758,Biscuit,25g,0-99g/ml,Can,Strawberry,2.9,8.9154,2.569608142,137,2841,
0,Wafer,50g,0-149g/ml,Bag,Strawberry,2.9,0,0,0,2841,
24.67287072,Biscuit,25g,0-99g/ml,Can,Chocolate,3,3.5894,0.920142061,61,800,
-5.456634016,Biscuit,100g,0-149g/ml,Bag,Strawberry,3.9,15.5556,4.669087675,7,1361,
100.8789026,Pastry,52g,0-149g/ml,Bag,Original,4.8,1.9378,0.346103054,215,2841,
51.70932353,Biscuit,41g,0-99g/ml,Bag,Strawberry,4.9,3.7876,0.724717848,107,1126,
40.80402083,Biscuit,55g,0-99g/ml,Box,Chocolate,4.9,2.944,0.487364759,227,2841,
12.51744759,Biscuit,55g,0-99g/ml,Can,Chocolate,5.5,3.6924,0.546387117,231,2841,
32.27879172,Biscuit,80g,0-99g/ml,Bag,Cheese,5.5,7.1148,1.276277312,157,2841,
24.59647436,Biscuit,55g,0-99g/ml,Can,Original,5.5,2.893,0.417207636,228,2841,
35.2813256,Wafer,42g,0-149g/ml,Bag,Chocolate,5.5,4.4313,0.781016963,50,288,
22.03138058,Pastry,60g,0-149g/ml,Box,Chocolate,5.6,9.0899,1.628279607,86,2312,
-3.952792286,Wafer,64g,0-149g/ml,Box,Chocolate,6.5,13.5961,2.256519194,205,2841,
3.934001,Pastry,160g,150-299g/ml,Bag,Milk,6.9,55.3825,7.949213359,16,2841,
8.481457477,Pastry,100g,0-149g/ml,Box,Milk,6.9,20.8611,3.116625512,105,1394,
70.67354285,Biscuit,50g,0-99g/ml,Bag,Vanilla,7.2,4.0852,0.572538372,227,2841,
-23.78741547,Biscuit,48g,0-99g/ml,Bag,Vanilla,7.8,143.8849,13.10043668,4,1149,
212.2987585,Biscuit,48g,0-99g/ml,Box,Matcha,7.8,1.635,0.181153205,227,2841,
55.71172568,Biscuit,210g,100-299g/ml,Box,Original,10,4.3867,0.429281868,211,2841,
39.08348414,Wafer,100g,0-149g/ml,Bag,Chocolate,11.9,5.9834,0.52738021,228,288,
188.0731726,Biscuit,233g,200g/ml+,Bag,Original,12.5,1.9606,0.157018284,231,1379,
87.12049349,Biscuit,376g,200g/ml+,Bag,Cheese,12.8,8.4337,0.680313974,70,168,
2.068032455,Pastry,128g,0-149g/ml,Bag,Original,13.8,43.036,3.702803284,11,449,
-2.849639395,Biscuit,95g,0-149g/ml,Box,Cheese,13.8,18.5169,2.044653543,43,995,
-4.476168538,Biscuit,150g,100-299g/ml,Box,Original,13.8,61.0736,6.573509908,19,518,
194.8124414,Pastry,250g,150-299g/ml,Bag,Original,13.8,3.6387,0.219483791,32,1994,
-19.060536,Pastry,336g,300g/ml+,Bag,Original,14,178.5714,15,1,1500,
88.26633826,Pastry,400g,300g/ml+,Bag,Original,16.9,6.6656,0.457796924,228,1274,
-24.55978533,Biscuit,520g,300g/ml+,Bag,Milk,16.9,179.6407,13.5,3,937,
6.102686469,Biscuit,443g,200g/ml+,Bag,Strawberry,16.9,5.3915,0.343294636,223,2316,
-44.48693764,Biscuit,300g,200g/ml+,Bag,Milk,18.9,36.0007,3.202195089,22,1976,
-12.20825156,Biscuit,210g,100-299g/ml,Can,Original,19.5,178.5714,46.15384615,1,2757,
15.43962708,Biscuit,140g,100-299g/ml,Box,Chocolate,19.8,10.305,0.625639828,214,469,
-53.4074246,Biscuit,380g,200g/ml+,Box,Chocolate,21.8,14.1418,0.915727572,206,622,
-15.61417636,Biscuit,380g,200g/ml+,Box,Strawberry,21.8,9.4783,0.526786701,216,622,
78.83993735,Pastry,432g,300g/ml+,Box,Matcha,21.9,4.5682,0.227243409,226,1630,
-163.817536,Wafer,272g,200g/ml+,Box,Chocolate,21.9,18.2277,1.40438229,96,2841,
108.7556568,Wafer,350g,200g/ml+,Can,Cheese,22.9,5.8719,0.255710097,191,2064,
-54.93309933,Wafer,250g,200g/ml+,Can,Chocolate,24.9,179.6407,9.608540925,3,486,
1.517574866,Cookies,120g,0-149g/ml,Box,Original,26.9,25.413,1.09434966,24,1416,
112.4040873,Pastry,192g,150-299g/ml,Box,Original,29.9,12.0895,0.394798758,36,434,
-6.442982867,Pastry,300g,300g/ml+,Box,Coconut,33.8,62.0694,2.942746176,100,444,
-158.850808,Cookies,380g,200g/ml+,Box,Original,35.9,53.5019,3.232441963,11,1170,
-31.79805038,Cookies,100g,0-149g/ml,Box,Milk,46.5,89.9743,3.594659363,7,920,
9.2325,Cookies,408g,200g/ml+,Box,Original,48.5,178.5714,3.711340206,1,794,
-29.874173,Cookies,600g,200g/ml+,Box,Mixed,58,178.5714,36,1,797,
24.17331949,Biscuit,120g,0-149g/ml,Bag,Chocolate,4.5,5.868,1.19194274,166,2841,
56.246183,Biscuit,30g,0-99g/ml,Bag,Original,4.8,3.9224,0.494698526,127,428,
52.62006963,Wafer,145g,0-149g/ml,Box,Chocolate,4.9,3.1885,0.570789706,86,1410,
-83.207254,Pastry,50g,0-149g/ml,Box,Coconut,5.6,179.6407,4.109589041,3,1343,
65.0663393,Cookies,102g,0-149g/ml,Box,Matcha,5.9,3.748,0.619662974,229,1665,
16.02041307,Biscuit,84g,0-99g/ml,Box,Chocolate,6.5,9.5968,1.473408789,201,692,
63.0278414,Pastry,400g,300g/ml+,Bag,Original,9.9,7.4701,0.787405334,229,476,
-161.807873,Cookies,100g,0-149g/ml,Box,Chocolate,9.9,59.8802,2.14797136,1,1430,
143.0536119,Cookies,115g,0-149g/ml,Bag,Matcha,9.9,2.7327,0.268014677,230,1665,
0.17625,Pastry,400g,300g/ml+,Bag,Original,11.5,90.0901,5.217391304,1,2841,
-91.28049149,Pastry,138g,0-149g/ml,Bag,Strawberry,11.9,9.877,1.365938101,107,295,
55.78957232,Biscuit,80g,0-149g/ml,Box,Strawberry,10.9,6.0581,0.562201324,205,779,
-36.53981567,Biscuit,190g,150-199g/ml,Box,Chocolate,11.5,9.4762,1.103255783,203,622,
17.40243163,Pastry,220g,150-299g/ml,Bag,Milk,12.9,17.5342,1.503591901,64,626,
-15.03071783,Pastry,168g,150-299g/ml,Box,Original,12.9,10.9424,1.178134223,209,1259,
37.25622334,Cookies,208g,200g/ml+,Bag,Coconut,13.5,12.0074,0.936509324,217,1589,
-2.562586002,Pastry,240g,150-299g/ml,Bag,Chocolate,13.5,16.4965,1.376415979,158,266,
21.82465265,Biscuit,180g,100-299g/ml,Box,Chocolate,13.5,5.568,0.464655401,122,197,
-46.8318114,Biscuit,120g,100-299g/ml,Box,Milk,13.9,23.5991,2.69090632,102,688,
-19.76620332,Cookies,285g,200g/ml+,Bag,Chocolate,14.5,17.2313,1.562946921,204,2841,
21.31155719,Pastry,160g,150-299g/ml,Box,Strawberry,14.9,15.9464,1.289527887,205,1259,
206.0157027,Pastry,250g,100-299g/ml,Bag,Original,14.9,4.156,0.178609708,29,1994,
-86.11058251,Wafer,232g,200g/ml+,Box,Strawberry,15.5,25.2236,2.56612968,44,2841,
23.15889729,Wafer,150g,150-199g/ml,Can,Chocolate,15.8,25.0656,1.785336246,127,1343,
-16.1816575,Pastry,63g,0-149g/ml,Bag,Cheese,15.9,180.1802,26.47058824,2,995,
121.9576558,Pastry,160g,150-299g/ml,Bag,Matcha,15.9,4.396,0.311022151,223,1067,
11.52754904,Pastry,400g,300g/ml+,Bag,Original,16.9,27.4454,1.844939059,111,1274,
20.04190548,Cookies,125g,0-149g/ml,Box,Original,17.5,26.9705,1.642076288,138,2841,
38.37133314,Cookies,110g,0-149g/ml,Box,Chocolate,18,15.6268,1.043149246,27,611,
-57.91125037,Biscuit,250g,100-299g/ml,Box,Original,18,135.1351,4.197434901,6,840,
2.562632009,Biscuit,388g,200g/ml+,Bag,Matcha,21.5,45.9594,2.353163804,24,346,
-54.97897857,Biscuit,466g,200g/ml+,Box,Original,21.5,38,2.737368684,38,444,
-34.21830255,Biscuit,380g,200g/ml+,Box,Vanilla,21.8,11.25,0.646583993,220,622,
-102.7089684,Wafer,272g,200g/ml+,Box,Chocolate,21.9,12.3831,0.796393915,209,1281,
-140.8209353,Pastry,300g,300g/ml+,Box,Original,24.9,179.6407,4.383116883,3,1899,
202.808665,Wafer,250g,200g/ml+,Can,Chocolate,25.8,5.8072,0.252542967,1,261,
95.17113667,Wafer,250g,200g/ml+,Can,Matcha,25.8,8.1833,0.349426358,1,261,
27.48496253,Wafer,351g,200g/ml+,Bag,Cheese,27.8,30.0624,1.276980605,81,532,
26.66442037,Wafer,300g,200g/ml+,Box,Chocolate,27.9,60,2.244015957,3,1379,
-13.8264091,Biscuit,600g,200g/ml+,Box,Strawberry,29.8,25.028,1.077833469,125,444,
-45.5125306,Pastry,650g,300g/ml+,Bag,Original,29.9,146.2317,4.657550606,13,786,
-93.15065404,Pastry,100g,0-149g/ml,Bag,Original,35.9,68.2806,5.545752458,11,1144,
-8.848148412,Cookies,300g,200g/ml+,Box,Chocolate,36.8,61.1223,3.043802556,127,1430,
0,Biscuit,720g,200g/ml+,Box,Original,108,0,0,0,890,
0,Pastry,502g,300g/ml+,Box,Mixed,168,0,0,0,524,
41.99525016,Wafer,58g,0-149g/ml,Bag,Cheese,2.9,7.5568,1.914925462,144,1507,
18.41141198,Biscuit,120g,0-149g/ml,Bag,Strawberry,4.5,7.3687,1.50553275,166,2841,
36.92553983,Biscuit,93g,0-149g/ml,Bag,Strawberry,4.8,3.6746,0.735382505,198,2841,
22.31870407,Biscuit,55g,0-99g/ml,Can,Strawberry,5.5,3.0846,0.468010313,228,2841,
18.26344516,Biscuit,102g,0-149g/ml,Box,Strawberry,5.9,8.5607,1.480594392,152,428,
32.41129002,Biscuit,60g,0-99g/ml,Box,Original,6,3.7059,0.587860661,177,2841,
78.05044304,Cookies,95g,0-149g/ml,Bag,Chocolate,6.5,1.6098,0.204415934,229,2841,
2.177056333,Cookies,133g,0-149g/ml,Box,Coconut,6.8,107.9137,15.88235294,3,1000,
3.348747089,Biscuit,48g,0-99g/ml,Box,Chocolate,6.8,64.2674,9.083596337,5,1000,
31.84706808,Pastry,40g,0-149g/ml,Bag,Strawberry,6.9,10.9757,1.592075004,20,198,
74.78608881,Biscuit,45g,0-99g/ml,Box,Strawberry,7.2,3.6097,0.501715316,223,2841,
3.082706278,Biscuit,55g,0-99g/ml,Box,Chocolate,7.2,7.2863,1.069671918,135,2057,
12.35434749,Cookies,150g,150-199g/ml,Bag,Chocolate,7.5,18.549,2.562349227,98,1424,
146.9657431,Biscuit,48g,0-99g/ml,Box,Chocolate,7.8,2.5644,0.292167623,225,2841,
130.6037932,Biscuit,48g,0-99g/ml,Box,Strawberry,7.8,2.7199,0.336900318,229,2841,
21.03727564,Biscuit,66g,0-99g/ml,Box,Matcha,8,4.7378,0.601624608,125,524,
20.85413311,Cookies,150g,150-199g/ml,Bag,Coconut,8.5,12.9051,1.694590113,154,1424,
-105.3116944,Biscuit,100g,100-299g/ml,Box,Strawberry,9.9,107.9137,7.714285714,3,923,
-35.608242,Pastry,90g,0-149g/ml,Box,Cheese,11.8,178.5714,25,1,918,
26.76512631,Biscuit,285g,200g/ml+,Bag,Milk,11.9,16.4885,1.432435573,108,549,
138.3515242,Biscuit,233g,200g/ml+,Bag,Strawberry,12.5,2.4716,0.203866488,231,1379,
30.998481,Biscuit,288g,100-299g/ml,Bag,Vanilla,12.9,15.254,1.297785409,55,763,
120.5081661,Pastry,70g,0-149g/ml,Bag,Coconut,12.9,5.9469,0.534634875,56,434,
3.867296854,Pastry,220g,150-299g/ml,Bag,Coconut,12.9,17.9303,1.689349042,77,428,
-52.274134,Biscuit,80g,0-99g/ml,Box,Original,13.8,57.0676,4.863247153,13,474,
7.723872188,Pastry,260g,150-299g/ml,Bag,Milk,13.8,13.4449,1.233548966,116,420,
-7.378548764,Biscuit,95g,0-149g/ml,Box,Cheese,13.8,17.9289,1.986798826,25,995,
12.26531142,Biscuit,180g,100-299g/ml,Box,Milk,13.9,9.5689,0.779949383,127,626,
0,Pastry,140g,0-149g/ml,Box,Chocolate,13.9,0,0,0,1030,
-1.287421111,Wafer,324g,200g/ml+,Bag,Strawberry,14.5,178.5714,17.64705882,1,1352,
7.521759398,Pastry,260g,100-299g/ml,Bag,Original,14.8,9.5908,0.746251764,168,611,
84.4913975,Biscuit,380g,300g/ml+,Box,Chocolate,14.9,3.9755,0.274570361,227,2841,
11.09077062,Biscuit,349g,200g/ml+,Bag,Original,16.8,7.8502,0.485804398,212,1379,
0,Cookies,180g,150-199g/ml,Box,Strawberry,16.9,0,0,0,792,
11.119996,Pastry,125g,0-149g/ml,Bag,Chocolate,16.9,90.0901,5.325443787,2,487,
24.92611045,Biscuit,140g,100-299g/ml,Box,Matcha,16.9,15.3191,0.946236557,172,1842,
29.7573991,Pastry,500g,300g/ml+,Bag,Strawberry,17.5,14.8974,0.868647088,109,1413,
6.800028,Cookies,160g,150-199g/ml,Box,Cheese,19.8,178.5714,9.090909091,1,474,
-82.03952,Biscuit,168g,100-299g/ml,Box,Chocolate,19.8,90.0901,4.094631483,1,474,
8.854099339,Biscuit,198g,100-299g/ml,Bag,Mixed,21.5,11.0052,0.567639163,222,524,
63.72630709,Pastry,400g,300g/ml+,Bag,Mixed,32.8,12.9469,0.462653752,31,2603,
-138.0281378,Pastry,100g,0-149g/ml,Bag,Vanilla,35.9,180.1802,2.966869952,2,1144,
-128.354835,Pastry,620g,300g/ml+,Box,Chocolate,39.8,178.5714,9.045226131,1,434,
-853.799946,Pastry,630g,300g/ml+,Box,Original,128,180.1802,0.443131462,2,387,
10.94244097,Biscuit,25g,0-99g/ml,Can,Chocolate,2.9,12.4872,3.63340803,135,2841,
-12.82825078,Biscuit,96g,0-149g/ml,Bag,Cheese,3.9,18.5149,5.974978951,151,441,
55.91818599,Biscuit,167g,150-199g/ml,Bag,Milk,4.5,2.9177,0.558546033,224,2841,
31.02479802,Biscuit,55g,0-149g/ml,Box,Matcha,4.9,5.5778,1.036002794,192,622,
34.35974892,Biscuit,80g,0-99g/ml,Bag,Chocolate,5.5,6.6812,1.184025642,153,2841,
5.254098978,Biscuit,45g,0-99g/ml,Box,Vanilla,5.5,8.1699,1.580354118,156,2841,
471.8159161,Wafer,145g,0-149g/ml,Box,Cheese,5.9,0.6702,0.101434583,229,2232,
-13.91690135,Wafer,72g,0-149g/ml,Bag,Strawberry,6,5.4023,0.990258397,47,288,
-7.69991,Biscuit,100g,100-299g/ml,Bag,Original,6,178.5714,100,1,2841,
45.24553834,Pastry,40g,0-149g/ml,Bag,Vanilla,6.9,9.0155,1.246760691,29,198,
2.987485083,Pastry,135g,0-149g/ml,Bag,Original,7,120,15.42857143,12,2841,
-0.403151416,Biscuit,55g,0-99g/ml,Box,Milk,7.2,9.47,1.431482408,137,1931,
64.18005871,Pastry,150g,150-299g/ml,Bag,Matcha,9.9,5.7951,0.76531619,66,469,
27.67503227,Biscuit,40g,0-99g/ml,Can,Strawberry,8,17.7462,2.183141298,28,617,
-27.3423571,Pastry,180g,150-299g/ml,Bag,Milk,8,34.7458,6.730920245,133,584,
-22.45296918,Biscuit,66g,0-99g/ml,Box,Chocolate,8,8.4628,1.29720248,115,524,
-41.413424,Pastry,120g,0-149g/ml,Bag,Coconut,8.9,179.6407,5.630865485,3,811,
7.455149093,Biscuit,108g,0-149g/ml,Bag,Chocolate,8.9,36.4964,4.501537428,44,995,
126.544457,Cookies,108g,0-149g/ml,Box,Chocolate,9.9,5.5906,0.593829992,71,801,
47.62857318,Biscuit,160g,150-199g/ml,Box,Cheese,9.9,5.5744,0.533060977,86,2232,
13.87250943,Biscuit,104g,0-149g/ml,Box,Chocolate,10.9,16.2583,1.70423421,28,995,
-45.97817868,Biscuit,150g,150-199g/ml,Bag,Mixed,11,28.303,3.293566567,25,1976,
0,Biscuit,81g,0-149g/ml,Box,Chocolate,11.9,0,0,0,675,
5.923562835,Biscuit,300g,200g/ml+,Bag,Strawberry,12,11.6361,0.993419837,162,862,
96.00507258,Pastry,168g,150-299g/ml,Bag,Original,12,5.8127,0.463194927,151,2661,
49.11866153,Biscuit,135g,100-299g/ml,Can,Milk,12.8,6.4357,0.531750025,225,266,
90.07977902,Wafer,200g,200g/ml+,Box,Chocolate,12.9,7.0822,0.561889241,89,1410,
80.70153114,Biscuit,90g,0-99g/ml,Box,Original,12.9,7.837,0.62851096,94,1008,
715.5941543,Wafer,200g,200g/ml+,Box,Cheese,12.9,0.6831,0.057598782,229,2232,
54.87594077,Pastry,338g,300g/ml+,Bag,Milk,12.9,4.7208,0.459363675,225,183,
107.9604001,Pastry,115g,0-149g/ml,Box,Original,13.8,4.7917,0.329981218,115,252,
0,Biscuit,216g,100-299g/ml,Box,Original,13.8,0,0,0,474,
39.83700753,Pastry,400g,300g/ml+,Bag,Original,13.9,4.4021,0.345898643,226,814,
-0.6369975,Pastry,518g,300g/ml+,Box,Mixed,14.5,45.8115,4.9067016,14,254,
94.86924503,Pastry,75g,0-149g/ml,Box,Strawberry,14.9,9.316,0.65354077,84,792,
3.361306246,Pastry,160g,100-299g/ml,Box,Milk,16.8,28.2358,2.270561557,56,836,
37.79477559,Biscuit,300g,300g/ml+,Bag,Milk,16.9,10.6381,0.661904305,113,2841,
0.649689481,Biscuit,112g,100-299g/ml,Bag,Coconut,16.9,179.6407,12.78106509,3,1562,
-54.83544,Biscuit,54g,0-99g/ml,Box,Strawberry,17.5,37.5094,3.558718861,5,1688,
59.55102786,Cookies,300g,200g/ml+,Box,Chocolate,18,13.5926,0.819645619,33,611,
-31.80619844,Pastry,200g,150-299g/ml,Bag,Strawberry,19.9,52.9661,7.269789984,5,917,
63.11651186,Pastry,420g,300g/ml+,Box,Strawberry,20.5,5.4453,0.284923612,215,197,
61.04106105,Pastry,150g,150-299g/ml,Box,Cheese,20.5,10.1543,0.514112372,223,2841,
44.78495638,Biscuit,466g,200g/ml+,Bag,Strawberry,21.8,3.2611,0.163217693,229,1379,
14.9794201,Wafer,148g,0-149g/ml,Box,Chocolate,21.9,25.808,1.217735663,197,132,
-51.36702465,Pastry,336g,300g/ml+,Bag,Chocolate,23.9,12.4855,0.738576813,216,2841,
49.22658695,Pastry,336g,300g/ml+,Box,Chocolate,23.9,7.2695,0.349010445,226,2841,
37.99928087,Biscuit,1000g,200g/ml+,Box,Original,24.9,11.1826,0.454610774,197,2841,
86.56512338,Pastry,135g,0-149g/ml,Can,Original,24.9,18.3502,0.743631914,21,261,
-1.44995325,Wafer,100g,0-149g/ml,Box,Chocolate,25.9,80,2.775636083,4,487,
-8.050437838,Biscuit,600g,200g/ml+,Box,Chocolate,29.8,29.2683,1.237389086,120,444,
-137.999912,Pastry,864g,300g/ml+,Box,Mixed,53.5,180.1802,5.625,2,444,
-15.50714917,Biscuit,658g,300g/ml+,Box,Mixed,64,33.6939,0.725727903,38,2841,
0,Pastry,340g,300g/ml+,Box,Mixed,138,0,0,0,524,
5.434349903,Biscuit,45g,0-99g/ml,Can,Chocolate,3.9,13.9227,3.112238134,126,2841,
29.83136809,Biscuit,85g,0-149g/ml,Bag,Strawberry,4.5,4.6713,1.006294974,182,1000,
7.070764394,Pastry,60g,0-149g/ml,Box,Strawberry,5.6,9.5952,1.839230603,79,2312,
18.75788008,Biscuit,102g,0-149g/ml,Box,Vanilla,5.9,8.5879,1.474780535,149,428,
-11.57493362,Biscuit,55g,0-149g/ml,Box,Strawberry,5.9,16.5921,3.627603202,33,420,
8.253799311,Biscuit,102g,0-149g/ml,Box,Chocolate,5.9,11.0446,1.913837656,158,428,
38.12305256,Biscuit,215g,100-299g/ml,Bag,Original,5.9,4.3744,0.66485456,216,2841,
15.88765782,Biscuit,90g,0-99g/ml,Box,Chocolate,6.5,8.6747,1.366912156,220,266,
109.3846433,Biscuit,97g,0-149g/ml,Bag,Vanilla,6.9,2.4506,0.316518032,231,1379,
68.19274525,Biscuit,100g,100-299g/ml,Box,Chocolate,6.9,6.5163,0.899494956,61,198,
137.5369537,Biscuit,116g,0-149g/ml,Bag,Strawberry,6.9,1.8218,0.232166024,231,1379,
7.598256033,Pastry,188g,150-299g/ml,Bag,Original,6.9,7.6809,1.229442466,207,861,
0,Pastry,150g,150-299g/ml,Bag,Chocolate,6.9,0,0,0,2030,
20.36841083,Biscuit,40g,0-99g/ml,Can,Chocolate,8,18.9475,2.484797869,40,617,
-58.95850583,Wafer,50g,0-149g/ml,Box,Matcha,8,83.1025,5.78313253,12,486,
0.298636853,Biscuit,140g,0-149g/ml,Bag,Strawberry,8,20.1822,3.019696035,37,555,
45.90858487,Biscuit,205g,200g/ml+,Bag,Strawberry,8,4.6936,0.595849332,220,2841,
-23.291108,Pastry,120g,0-149g/ml,Bag,Milk,8.9,135.1351,11.94690265,3,811,
0,Cookies,76g,0-149g/ml,Bag,Original,9.5,0,0,0,898,
-26.55079748,Biscuit,68g,0-149g/ml,Bag,Cheese,9.9,179.6407,17.41935484,3,554,
97.31794161,Pastry,204g,150-299g/ml,Box,Chocolate,10.5,1.4191,0.12377591,228,2841,
43.14918594,Pastry,150g,150-299g/ml,Box,Matcha,10.9,14.5505,1.349674204,27,486,
87.38322132,Pastry,76g,0-149g/ml,Box,Coconut,10.9,6.6081,0.65722979,71,801,
58.53401339,Pastry,216g,150-299g/ml,Box,Matcha,10.9,2.9479,0.273530009,228,1630,
3.278068667,Biscuit,104g,0-149g/ml,Box,Strawberry,10.9,21.1768,2.407513391,28,995,
2.992814495,Biscuit,190g,150-199g/ml,Box,Strawberry,11.5,7.0021,0.680092562,184,622,
-5.620242468,Biscuit,194g,150-199g/ml,Bag,Vanilla,11.5,7.1843,0.696589443,165,1379,
46.10084643,Pastry,105g,0-149g/ml,Box,Coconut,11.5,4.1276,0.374627964,202,2246,
0,Pastry,90g,0-149g/ml,Box,Matcha,11.8,0,0,0,918,
47.34726967,Pastry,148g,0-149g/ml,Bag,Coconut,11.8,11.9355,1.041008872,74,147,
86.54610965,Biscuit,100g,100-299g/ml,Box,Strawberry,11.8,9.2507,0.802644416,24,198,
-27.94716758,Wafer,150g,150-199g/ml,Box,Milk,11.9,56.5844,5.266937994,11,679,
24.44481634,Pastry,160g,150-299g/ml,Bag,Original,11.9,13.905,1.283587727,109,2841,
50.50650171,Biscuit,160g,100-299g/ml,Can,Original,11.9,4.8842,0.42089812,212,2333,
144.2302116,Biscuit,233g,200g/ml+,Bag,Chocolate,12.5,2.366,0.194377883,230,1379,
-1.109983584,Wafer,160g,150-199g/ml,Box,Cheese,12.8,38.61,3.950357789,71,490,
49.84911736,Biscuit,241g,100-299g/ml,Bag,Original,12.8,11.12,0.93362856,155,241,
-15.78004156,Wafer,162g,150-199g/ml,Box,Chocolate,13.8,23.7553,3.094531047,123,444,
-56.3577,Wafer,162g,150-199g/ml,Box,Chocolate,13.8,180.1802,13.95348837,2,444,
148.2600423,Biscuit,300g,300g/ml+,Bag,Milk,14,7.4981,0.594045074,163,861,
50.67399588,Pastry,158g,150-299g/ml,Bag,Coconut,14.9,5.8455,0.408140632,169,2746,
67.57525325,Pastry,100g,100-299g/ml,Bag,Milk,14.9,11.9714,0.87757243,56,556,
17.49166849,Pastry,300g,300g/ml+,Bag,Chocolate,14.9,32.6718,2.463987567,108,133,
-49.49533253,Biscuit,232g,200g/ml+,Box,Mixed,15.5,28.2509,3.030375911,35,2841,
16.6415754,Wafer,150g,150-199g/ml,Can,Milk,15.8,30.3732,2.230436671,122,1343,
39.82085194,Biscuit,190g,150-199g/ml,Bag,Strawberry,15.9,19.0533,1.276036484,38,518,
144.8608056,Cookies,126g,0-149g/ml,Bag,Matcha,16.9,5.9127,0.358547395,219,1665,
53.41308711,Biscuit,54g,0-99g/ml,Box,Chocolate,17.5,17.3082,1.016547151,25,1688,
-64.93546704,Cookies,150g,150-199g/ml,Bag,Chocolate,18,107.9137,3.619302949,3,1520,
-33.48027435,Pastry,180g,150-299g/ml,Box,Chocolate,18.9,22.46,2.18694567,140,399,
-60.799616,Biscuit,168g,100-299g/ml,Box,Matcha,19.8,178.5714,4.5,1,474,
-24.511847,Pastry,188g,100-299g/ml,Box,Original,19.9,143.8849,7.424976797,4,1008,
87.56974634,Biscuit,466g,200g/ml+,Bag,Chocolate,21.8,2.902,0.140297542,229,1379,
24.00572098,Pastry,336g,300g/ml+,Box,Matcha,22.9,9.08,0.534984835,210,1008,
-28.73200511,Wafer,350g,200g/ml+,Box,Milk,29.9,12.6619,0.551641513,88,1238,
143.9124006,Pastry,192g,150-299g/ml,Box,Strawberry,29.9,9.6657,0.334582243,53,434,
-9.518545571,Wafer,480g,200g/ml+,Box,Chocolate,31.5,9.8713,0.343353637,213,2841,
-12.33055072,Pastry,980g,300g/ml+,Box,Original,40,78.5601,1.49825807,79,441,
-1.105674235,Pastry,760g,300g/ml+,Box,Mixed,43.5,100.4168,1.508386236,106,797,
0,Biscuit,600g,300g/ml+,Box,Mixed,48,0,0,0,771,
-10.41101482,Cookies,454g,200g/ml+,Can,Original,49.9,89.9928,2.697534454,50,2841,
-165.775243,Pastry,1016g,300g/ml+,Box,Mixed,68,180.1802,4.812834225,2,440,
32.43168976,Cookies,681g,200g/ml+,Box,Original,102,64.4612,0.630576621,53,2841,
-286.0822139,Cookies,320g,200g/ml+,Box,Mixed,133.9,119.7605,1.495016611,2,797,
74.74485711,Biscuit,167g,150-199g/ml,Bag,Original,4.5,2.3637,0.438144595,224,2841,
2.695927922,Biscuit,48g,0-99g/ml,Box,Chocolate,4.8,46.1467,9.685751184,10,1000,
45.24599042,Biscuit,48g,0-99g/ml,Box,Chocolate,4.9,3.8443,0.72822248,113,2477,
73.21522312,Biscuit,48g,0-99g/ml,Box,Chocolate,4.9,2.6957,0.500264971,220,2841,
9.441332039,Biscuit,55g,0-99g/ml,Box,Vanilla,4.9,2.5674,0.46188551,229,2841,
51.19347468,Cookies,35g,0-149g/ml,Box,Strawberry,4.9,4.7066,1.02259643,205,1401,
6.559926133,Wafer,80g,0-149g/ml,Bag,Chocolate,5,8.0462,1.522839845,213,1836,
-1.477356268,Biscuit,45g,0-99g/ml,Box,Strawberry,5.5,8.1215,0.823386374,147,2444,
-10.79959877,Cookies,80g,0-149g/ml,Bag,Strawberry,6.5,9.0526,1.762288622,215,524,
-8.720698904,Pastry,100g,0-149g/ml,Box,Matcha,6.9,27.2871,6.167681589,57,1394,
98.03675056,Biscuit,55g,0-99g/ml,Box,Strawberry,7.2,3.4008,0.451703984,224,2841,
62.77027145,Pastry,160g,150-299g/ml,Bag,Strawberry,7.5,4.3152,0.554549176,223,2841,
9.614699481,Biscuit,66g,0-99g/ml,Box,Strawberry,8,5.6813,0.714845386,123,524,
84.23929443,Pastry,300g,300g/ml+,Bag,Chocolate,9.5,4.3095,0.452450849,229,2841,
67.83832819,Cookies,115g,0-149g/ml,Bag,Vanilla,9.9,5.2906,0.53176139,224,1665,
-53.1435488,Pastry,30g,0-99g/ml,Bag,Original,9.9,163.6661,5.402647297,10,757,
-10.10114311,Biscuit,72g,0-149g/ml,Box,Strawberry,10.9,178.5714,45,1,1934,
35.01950578,Pastry,60g,0-149g/ml,Box,Cheese,10.9,7.6513,0.699137337,217,2841,
43.05728563,Biscuit,80g,0-149g/ml,Box,Chocolate,10.9,7.7165,0.720654931,202,779,
-57.61553899,Biscuit,150g,150-199g/ml,Bag,Milk,11,32.7291,3.298985816,26,1976,
69.64956864,Biscuit,100g,100-299g/ml,Box,Chocolate,11.8,10.7185,0.943611102,29,198,
64.66717099,Biscuit,192g,100-299g/ml,Bag,Milk,11.9,12.6694,1.090078076,53,651,
-0.000582144,Wafer,153g,150-199g/ml,Bag,Chocolate,11.9,8.5502,0.834316408,211,288,
-49.400663,Cookies,100g,0-149g/ml,Box,Milk,12,178.5714,3.461538462,1,474,
-69.6892,Pastry,336g,300g/ml+,Bag,Original,12.5,178.5714,4.285714286,1,1221,
-1.824214139,Pastry,438g,300g/ml+,Bag,Original,12.8,80,1.562839158,4,400,
-5.122983692,Biscuit,240g,200g/ml+,Bag,Original,12.8,13.3479,1.233960542,136,618,
-27.77588589,Biscuit,70g,0-99g/ml,Can,Milk,12.9,180.1802,10.74626866,6,979,
-32.36713346,Biscuit,148g,100-299g/ml,Box,Milk,12.9,63.245,7.654187724,26,1158,
27.90693301,Wafer,200g,200g/ml+,Box,Milk,12.9,12.2486,1.115570198,69,1238,
-8.730428111,Biscuit,120g,100-299g/ml,Bag,Original,12.9,43.7153,4.402826511,85,524,
-3.770130454,Pastry,250g,100-299g/ml,Bag,Original,13.8,44.0852,3.298817924,12,1994,
-25.801455,Wafer,162g,150-199g/ml,Box,Chocolate,13.8,107.9137,7.848837209,3,444,
30.12181174,Biscuit,360g,300g/ml+,Bag,Original,13.9,4.7005,0.388779616,228,946,
19.17292492,Pastry,180g,150-299g/ml,Box,Milk,13.9,7.8947,0.636398951,210,1764,
0,Cookies,228g,200g/ml+,Can,Original,13.9,0,0,0,2366,
-62.87215778,Biscuit,120g,100-299g/ml,Box,Chocolate,13.9,59.8802,5.78778135,1,972,
7.679978,Biscuit,300g,300g/ml+,Bag,Milk,14.9,178.5714,12.08053691,1,937,
30.34694133,Pastry,75g,0-149g/ml,Bag,Original,14.9,17.865,1.182877,53,1311,
45.11098981,Biscuit,380g,300g/ml+,Box,Strawberry,14.9,6.0994,0.432427468,223,2841,
5.973426105,Pastry,224g,150-299g/ml,Bag,Matcha,15.8,20.2307,1.628636824,117,420,
0,Biscuit,84g,0-99g/ml,Bag,Original,15.9,0,0,0,995,
42.49715177,Pastry,128g,0-149g/ml,Box,Mixed,15.9,13.3298,0.972308102,141,245,
-19.79339382,Pastry,300g,300g/ml+,Box,Original,15.9,117.4015,9.175974806,45,273,
5.433946139,Biscuit,160g,100-299g/ml,Box,Chocolate,16.9,9.5844,0.642708366,205,2316,
-42.315375,Cookies,150g,150-199g/ml,Bag,Chocolate,18,180.1802,3.092783505,6,1520,
-58.36941531,Biscuit,400g,200g/ml+,Bag,Original,18.9,57.0676,3.650773839,13,532,
-40.69678881,Biscuit,300g,200g/ml+,Bag,Mixed,18.9,46.6088,3.207984317,29,1976,
-0.870687585,Pastry,544g,300g/ml+,Box,Chocolate,18.9,52.4984,3.029163178,56,490,
-82.03952,Biscuit,168g,100-299g/ml,Box,Chocolate,19.8,90.0901,4.094631483,1,474,
-40.22902116,Biscuit,466g,200g/ml+,Box,Chocolate,21.5,44.9979,3.616078937,43,444,
-42.11035978,Biscuit,466g,200g/ml+,Box,Strawberry,21.5,49.55,3.888679367,49,444,
1.809778192,Biscuit,388g,200g/ml+,Bag,Vanilla,21.8,14.5406,0.781134034,211,1379,
33.83620503,Cookies,350g,200g/ml+,Bag,Chocolate,24,41.4495,1.827936086,35,2492,
25.79370396,Biscuit,300g,300g/ml+,Bag,Chocolate,24.9,41.5348,1.843362918,21,1771,
27.18268519,Cookies,350g,200g/ml+,Bag,Cheese,26,46.2884,2.153405793,27,2492,
-82.11,Wafer,416g,200g/ml+,Box,Chocolate,26.9,178.5714,11.11111111,1,661,
-6.923514109,Wafer,345g,200g/ml+,Bag,Chocolate,28,7.9087,0.329235693,229,1379,
204.388039,Cookies,200g,200g/ml+,Can,Original,29,6.6887,0.228932814,225,2719,
-18.7057551,Pastry,816g,300g/ml+,Box,Chocolate,29,8.8426,0.270279021,205,1868,
-11.42582447,Biscuit,600g,200g/ml+,Box,Vanilla,29.8,25.7766,1.067255701,118,444,
-22.17585522,Pastry,687g,300g/ml+,Bag,Mixed,39.8,180.1802,18.94736842,2,444,
102.8820373,Biscuit,600g,300g/ml+,Box,Original,39.9,21.0175,0.466293676,39,441,
0,Biscuit,93.6g,0-149g/ml,Bag,Cheese,55,0,0,0,524,
15.94304617,Cookies,918g,200g/ml+,Box,Original,62,113.3333,1.476762705,51,1528,
